FirstName,LastName,Department,Title
Alice,Johnson,Help Desk,Help Desk Analyst I
Bob,Williams,Help Desk,Help Desk Analyst I
Carol,Davis,Help Desk,Help Desk Analyst II
David,Martinez,Help Desk,Help Desk Team Lead
Emma,Anderson,Help Desk,Help Desk Analyst I
Frank,Taylor,Help Desk,Help Desk Analyst II
Grace,Thomas,Help Desk,Help Desk Analyst I
Henry,Jackson,Help Desk,Help Desk Analyst II
Isabella,White,Help Desk,Help Desk Analyst I
James,Harris,Help Desk,Help Desk Analyst I
Karen,Thompson,Accounting,Accountant I
Liam,Garcia,Accounting,Accountant II
Mia,Martinez,Accounting,Senior Accountant
Noah,Robinson,Accounting,Accounts Payable Specialist
Olivia,Clark,Accounting,Accounts Receivable Specialist
Peter,Rodriguez,Accounting,Financial Analyst
Quinn,Lewis,Accounting,Payroll Specialist
Rachel,Lee,Accounting,Accountant I
Samuel,Walker,Accounting,Senior Accountant
Tina,Hall,Accounting,Accounting Manager
Uma,Allen,IT Admins,Systems Administrator
Victor,Young,IT Admins,Network Engineer
Wendy,Hernandez,IT Admins,Security Engineer
Xavier,King,IT Admins,Cloud Engineer
Yara,Wright,IT Admins,Senior Systems Administrator
Zachary,Lopez,IT Admins,IT Manager
Aaron,Hill,Standard Users,Marketing Coordinator
Bella,Scott,Standard Users,Sales Representative
Carlos,Green,Standard Users,Operations Analyst
Diana,Adams,Standard Users,Project Manager
Ethan,Baker,Standard Users,Business Analyst
Fiona,Gonzalez,Standard Users,HR Generalist
George,Nelson,Standard Users,Customer Success Manager
Hannah,Carter,Standard Users,Content Writer
Ian,Mitchell,Standard Users,Sales Engineer
Julia,Perez,Standard Users,Marketing Manager
Kevin,Roberts,Standard Users,Operations Manager
Laura,Turner,Standard Users,Recruiter
Michael,Phillips,Standard Users,Product Manager
Nancy,Campbell,Standard Users,Data Analyst
Oscar,Parker,Standard Users,UX Designer
Patricia,Evans,Standard Users,Software Developer
Quincy,Edwards,Standard Users,DevOps Engineer
Rebecca,Collins,Standard Users,Quality Assurance Analyst
Steven,Stewart,Standard Users,Business Development Rep
Teresa,Sanchez,Standard Users,Legal Counsel
Ulysses,Morris,Standard Users,Compliance Officer
Vanessa,Rogers,Standard Users,Executive Assistant
William,Reed,Standard Users,Office Manager
Xena,Cook,Standard Users,Administrative Assistant
